email,name,surname,phonenumber,ipaddress,agent
olivia.martin@example.com,Olivia,Martin,+31612345601,192.168.1.10,Mozilla/5.0 (Windows NT 10.0; Win64; x64)
liam.johnson@example.com,Liam,Johnson,+31612345602,172.16.0.2,Mozilla/5.0 (Macintosh; Intel Mac OS X 10_15_7)
emma.williams@example.com,Emma,Williams,+31612345603,10.0.0.3,Mozilla/5.0 (X11; Linux x86_64)
noah.brown@example.com,Noah,Brown,+31612345604,192.168.0.4,Mozilla/5.0 (iPhone; CPU iPhone OS 15_0 like Mac OS X)
ava.jones@example.com,Ava,Jones,+31612345605,172.16.5.5,Mozilla/5.0 (iPad; CPU OS 14_0 like Mac OS X)
oliver.garcia@example.com,Oliver,Garcia,+31612345606,10.10.1.6,Mozilla/5.0 (Android 11; Mobile)
mia.miller@example.com,Mia,Miller,+31612345607,192.168.10.7,Mozilla/5.0 (Windows NT 6.1; Win64; x64)
elijah.davis@example.com,Elijah,Davis,+31612345608,172.20.10.8,Mozilla/5.0 (Macintosh; Intel Mac OS X 11_2_3)
amelia.rodriguez@example.com,Amelia,Rodriguez,+31612345609,10.0.1.9,Mozilla/5.0 (X11; Ubuntu; Linux x86_64)
james.martinez@example.com,James,Martinez,+31612345610,192.168.2.10,Mozilla/5.0 (Windows NT 10.0; Win64; x64; rv:91.0)
harper.hernandez@example.com,Harper,Hernandez,+31612345611,172.18.0.11,Mozilla/5.0 (iPhone; CPU iPhone OS 16_0 like Mac OS X)
benjamin.lopez@example.com,Benjamin,Lopez,+31612345612,10.2.3.12,Mozilla/5.0 (Android 12; Mobile; rv:109.0)
evelyn.gonzalez@example.com,Evelyn,Gonzalez,+31612345613,192.168.3.13,Mozilla/5.0 (Windows NT 10.0; WOW64)
lucas.wilson@example.com,Lucas,Wilson,+31612345614,172.16.8.14,Mozilla/5.0 (Macintosh; Intel Mac OS X 12_1)
abigail.anderson@example.com,Abigail,Anderson,+31612345615,10.0.5.15,Mozilla/5.0 (X11; Fedora; Linux x86_64)
henry.thomas@example.com,Henry,Thomas,+31612345616,192.168.4.16,Mozilla/5.0 (iPad; CPU OS 15_2 like Mac OS X)
ella.taylor@example.com,Ella,Taylor,+31612345617,172.19.1.17,Mozilla/5.0 (Android 10; Mobile)
alexander.moore@example.com,Alexander,Moore,+31612345618,10.3.6.18,Mozilla/5.0 (Windows NT 10.0; Win64; x64; rv:102.0)
scarlett.jackson@example.com,Scarlett,Jackson,+31612345619,192.168.5.19,Mozilla/5.0 (Macintosh; Intel Mac OS X 13_0)
daniel.martin@example.com,Daniel,Martin,+31612345620,172.17.2.20,Mozilla/5.0 (X11; Linux x86_64; rv:100.0)